{
  "loader": "neoforge:obj",
  "model": "minecraft:models/item/iv_sword.obj",
  "mtl_override": "minecraft:models/item/iv_sword.mtl",
  "textures": {
    "texture0": "minecraft:item/diamond_sword"
  },
  "automatic_culling": false,
  "shade_quads": false,
  "flip_v": true,
  "emissive_ambient": false,
  "display": {
		"thirdperson_lefthand": {
			"translation": [0, -0.25, 0]
		},
		"firstperson_righthand": {
			"translation": [1, 0, 0]
		},
		"firstperson_lefthand": {
			"translation": [1.75, 0, 0]
		},
		"ground": {
			"rotation": [18.06, -1.46, -9.36],
			"translation": [0, 7.25, 0]
		},
		"gui": {
			"rotation": [90, 42.75, -90],
			"translation": [-3.5, -2, 0],
			"scale": [0.9, 1, 0.9]
		},
		"head": {
			"rotation": [90, 52, 90],
			"translation": [4.5, -9.75, 3.75],
			"scale": [1.8, 1.8, 1.8]
		},
		"fixed": {
			"rotation": [-90, 44.25, 90],
			"translation": [2.5, -3.75, 0]
		}
	},
	"groups": [
		{
			"name": "sword",
			"origin": [0, 0.75, 1],
			"color": 0,
			"children": [
				{
					"name": "handle",
					"origin": [8, 3.75, 9],
					"color": 0,
					"children": [
						{
							"name": "jwel",
							"origin": [8, 3.75, 9],
							"color": 0,
							"children": []
						}
					]
				},
				{
					"name": "blade",
					"origin": [8, 3.75, 9],
					"color": 0,
					"children": [
						0,
						{
							"name": "edgesouth",
							"origin": [8, 3.75, 9],
							"color": 0,
							"children": []
						},
						{
							"name": "edgenorth",
							"origin": [8, 3.75, 9],
							"color": 0,
							"children": []
						},
						{
							"name": "edgetopsouth",
							"origin": [8, 3.75, 9],
							"color": 0,
							"children": []
						},
						{
							"name": "edgetopnorth",
							"origin": [8.00958, 21.65589, 8.24343],
							"color": 0,
							"children": []
						}
					]
				}
			]
		}
	]
}