{
  "loader": "neoforge:obj",
  "model": "minecraft:models/item/diamond_axe.obj",
  "mtl_override": "minecraft:models/item/diamond_axe.mtl",
  "textures": {
    "texture0": "minecraft:item/diamond_axe"
  },
  "automatic_culling": false,
  "shade_quads": false,
  "flip_v": true,
  "emissive_ambient": false,
  "display": {
		"thirdperson_righthand": {
			"rotation": [11.6, -5.02, -7],
			"translation": [-0.5, -1.25, 0.75]
		},
		"thirdperson_lefthand": {
			"translation": [-0.5, -2.75, 0.5]
		},
		"firstperson_righthand": {
			"rotation": [0, 0, -10.25],
			"translation": [0, -0.75, 0]
		},
		"firstperson_lefthand": {
			"rotation": [0, 0, -10.25],
			"translation": [0, -0.75, 0]
		},
		"ground": {
			"rotation": [43.96, 1.06, 2.67],
			"translation": [0, 1.75, -3.75]
		},
		"gui": {
			"rotation": [90, 45, -90],
			"translation": [-4.25, -3.75, 0]
		},
		"fixed": {
			"rotation": [90, -45, 90],
			"translation": [4, -3.75, 0]
		}
	},
	"groups": [
		{
			"name": "axe",
			"origin": [8, 6, 8.5],
			"color": 0,
			"children": [
				{
					"name": "handle",
					"origin": [8, 6, 8.5],
					"color": 3,
					"children": []
				},
				{
					"name": "blade",
					"origin": [8.02125, 19.74812, 7.81918],
					"color": 9,
					"children": [
						{
							"name": "edges",
							"origin": [8, 6, 8.5],
							"color": 0,
							"children": [
								{
									"name": "edgesnorth",
									"origin": [8, 6, 8.5],
									"color": 0,
									"children": []
								}
							]
						}
					]
				}
			]
		},
		{
			"name": "bone",
			"origin": [0, 0, 0],
			"color": 0,
			"children": [0, 1, 2]
		}
	]
}